{
  "Tracks": [
    {
      "Index": 0,
      "Enabled": true,
      "Name": "Piano",
      "Transpose": 0,
      "Instrument": 2,
      "AssignedCids": [
        18014498572189347,
        0
      ]
    },
    {
      "Index": 1,
      "Enabled": true,
      "Name": "Lute",
      "Transpose": 0,
      "Instrument": 3,
      "AssignedCids": [
        18014498575953305,
        18014498566924221,
        0,
        -1,
        -1,
        -1
      ]
    }
  ],
  "ToneMode": 3,
  "AdaptNotes": true,
  "Speed": 1.0
}