{
  "Tracks": [
    {
      "Index": 0,
      "Enabled": true,
      "Name": "Violin",
      "Transpose": 0,
      "Instrument": 20,
      "AssignedCids": [
        18014498565452949,
        0
      ]
    },
    {
      "Index": 1,
      "Enabled": true,
      "Name": "Piano-1",
      "Transpose": -12,
      "Instrument": 2,
      "AssignedCids": [
        0
      ]
    },
    {
      "Index": 2,
      "Enabled": true,
      "Name": "Harp",
      "Transpose": 0,
      "Instrument": 1,
      "AssignedCids": [
        0
      ]
    },
    {
      "Index": 3,
      "Enabled": true,
      "Name": "Harp",
      "Transpose": 0,
      "Instrument": 1,
      "AssignedCids": [
        0
      ]
    },
    {
      "Index": 4,
      "Enabled": true,
      "Name": "Lute+1",
      "Transpose": 12,
      "Instrument": 3,
      "AssignedCids": [
        0
      ]
    }
  ],
  "ToneMode": 3,
  "AdaptNotes": true,
  "Speed": 1.0
}